{
    "$schema": "https://json.schemastore.org/vss-extension.json",
    "manifestVersion": 1,
    "id": "dbojsen-pass-demo-build-release-task",
    "name": "PASS Data Community Summit Demo Extension",
    "version": "0.0.1",
    "publisher": "DavidBojsen",
    "description": "Demo extension to support session",
    "targets": [
        {
            "id": "Microsoft.VisualStudio.Services.Cloud"
        }
    ],    
    "categories": [
        "Azure Pipelines"
    ],
    "icons": {
        "default": "images/extension-icon.png"        
    },
    "files": [
        {
            "path": "buildandreleasetask"
        }
    ],
    "contributions": [
        {
            "id": "dbojsen-pass-demo-task",
            "type": "ms.vss-distributed-task.task",
            "targets": [
                "ms.vss-distributed-task.tasks"
            ],
            "properties": {
                "name": "buildandreleasetask"
            }
        }
    ],
    "content": {
        "details": {
            "path": "readme.md"
        }
    }
}