{
    "$schema": "https://raw.githubusercontent.com/Microsoft/azure-pipelines-task-lib/master/tasks.schema.json",
    "id": "{{taskguid}}",
    "name": "{{taskname}}",
    "friendlyName": "{{taskfriendlyname}}",
    "description": "{{taskdescription}}",
    "helpMarkDown": "",
    "category": "Utility",
    "author": "{{taskauthor}}",
    "version": {
        "Major": 0,
        "Minor": 1,
        "Patch": 0
    },
    "instanceNameFormat": "Echo $(samplestring)",
    "inputs": [
        {
            "name": "samplestring",
            "type": "string",
            "label": "Sample String",
            "defaultValue": "",
            "required": true,
            "helpMarkDown": "A sample string"
        }
    ],
    "execution": {
        "Node10": {
            "target": "index.js"
        }
    }
}